,Date,Strike Price,Closing Price
0,2022-08-19,70,104.4
1,2022-08-19,75,
2,2022-08-19,80,95.85
3,2022-08-19,85,
4,2022-08-19,90,87.23
5,2022-08-19,95,
6,2022-08-19,100,78
7,2022-08-19,105,72.78
8,2022-08-19,110,68.5
9,2022-08-19,115,64
10,2022-08-19,120,60.13
11,2022-08-19,125,55.9
12,2022-08-19,130,52.25
13,2022-08-19,135,48.25
14,2022-08-19,140,44.66
15,2022-08-19,145,41.5
16,2022-08-19,150,37.6
17,2022-08-19,155,34.99
18,2022-08-19,160,31.12
19,2022-08-19,165,28.49
20,2022-08-19,170,25.3
21,2022-08-19,175,22.75
22,2022-08-19,180,20.45
23,2022-08-19,185,18.5
24,2022-08-19,190,16.3
25,2022-08-19,195,14.13
26,2022-08-19,200,12.51
27,2022-08-19,205,10.94
28,2022-08-19,210,10
29,2022-08-19,220,7.54
30,2022-08-19,230,5.4
31,2022-08-19,240,4.16
32,2022-08-19,250,3.07
33,2022-08-19,260,2.32
34,2022-08-19,270,
35,2022-08-19,280,
36,2022-08-19,290,
37,2022-08-19,300,0.79
38,2022-08-20,70,
39,2022-08-20,75,
40,2022-08-20,80,
41,2022-08-20,85,
42,2022-08-20,90,
43,2022-08-20,95,
44,2022-08-20,100,
45,2022-08-20,105,
46,2022-08-20,110,
47,2022-08-20,115,
48,2022-08-20,120,
49,2022-08-20,125,
50,2022-08-20,130,
51,2022-08-20,135,
52,2022-08-20,140,
53,2022-08-20,145,
54,2022-08-20,150,
55,2022-08-20,155,
56,2022-08-20,160,
57,2022-08-20,165,
58,2022-08-20,170,
59,2022-08-20,175,
60,2022-08-20,180,
61,2022-08-20,185,
62,2022-08-20,190,
63,2022-08-20,195,
64,2022-08-20,200,
65,2022-08-20,205,
66,2022-08-20,210,
67,2022-08-20,220,
68,2022-08-20,230,
69,2022-08-20,240,
70,2022-08-20,250,
71,2022-08-20,260,
72,2022-08-20,270,
73,2022-08-20,280,
74,2022-08-20,290,
75,2022-08-20,300,
76,2022-08-21,70,
77,2022-08-21,75,
78,2022-08-21,80,
79,2022-08-21,85,
80,2022-08-21,90,
81,2022-08-21,95,
82,2022-08-21,100,
83,2022-08-21,105,
84,2022-08-21,110,
85,2022-08-21,115,
86,2022-08-21,120,
87,2022-08-21,125,
88,2022-08-21,130,
89,2022-08-21,135,
90,2022-08-21,140,
91,2022-08-21,145,
92,2022-08-21,150,
93,2022-08-21,155,
94,2022-08-21,160,
95,2022-08-21,165,
96,2022-08-21,170,
97,2022-08-21,175,
98,2022-08-21,180,
99,2022-08-21,185,
100,2022-08-21,190,
101,2022-08-21,195,
102,2022-08-21,200,
103,2022-08-21,205,
104,2022-08-21,210,
105,2022-08-21,220,
106,2022-08-21,230,
107,2022-08-21,240,
108,2022-08-21,250,
109,2022-08-21,260,
110,2022-08-21,270,
111,2022-08-21,280,
112,2022-08-21,290,
113,2022-08-21,300,
114,2022-08-22,70,
115,2022-08-22,75,
116,2022-08-22,80,
117,2022-08-22,85,
118,2022-08-22,90,
119,2022-08-22,95,
120,2022-08-22,100,74.41
121,2022-08-22,105,
122,2022-08-22,110,64.2
123,2022-08-22,115,
124,2022-08-22,120,57.3
125,2022-08-22,125,
126,2022-08-22,130,49.6
127,2022-08-22,135,45.85
128,2022-08-22,140,42.38
129,2022-08-22,145,38.13
130,2022-08-22,150,34.5
131,2022-08-22,155,32.45
132,2022-08-22,160,28.35
133,2022-08-22,165,26
134,2022-08-22,170,23.65
135,2022-08-22,175,20.63
136,2022-08-22,180,18.4
137,2022-08-22,185,16.25
138,2022-08-22,190,14.35
139,2022-08-22,195,12.65
140,2022-08-22,200,11.05
141,2022-08-22,205,9.95
142,2022-08-22,210,8.39
143,2022-08-22,220,6.4
144,2022-08-22,230,4.8
145,2022-08-22,240,3.6
146,2022-08-22,250,2.67
147,2022-08-22,260,2.02
148,2022-08-22,270,
149,2022-08-22,280,1.2
150,2022-08-22,290,
151,2022-08-22,300,0.67
152,2022-08-23,70,100.42
153,2022-08-23,75,95.05
154,2022-08-23,80,91.08
155,2022-08-23,85,
156,2022-08-23,90,81.96
157,2022-08-23,95,
158,2022-08-23,100,
159,2022-08-23,105,
160,2022-08-23,110,
161,2022-08-23,115,60.1
162,2022-08-23,120,56.7
163,2022-08-23,125,52.75
164,2022-08-23,130,49.24
165,2022-08-23,135,
166,2022-08-23,140,41.5
167,2022-08-23,145,
168,2022-08-23,150,34.36
169,2022-08-23,155,
170,2022-08-23,160,28.95
171,2022-08-23,165,25.67
172,2022-08-23,170,22.9
173,2022-08-23,175,20.15
174,2022-08-23,180,18.12
175,2022-08-23,185,16.3
176,2022-08-23,190,
177,2022-08-23,195,12.25
178,2022-08-23,200,10.86
179,2022-08-23,205,9.79
180,2022-08-23,210,8.3
181,2022-08-23,220,6.28
182,2022-08-23,230,
183,2022-08-23,240,3.45
184,2022-08-23,250,2.66
185,2022-08-23,260,1.85
186,2022-08-23,270,1.43
187,2022-08-23,280,1.06
188,2022-08-23,290,0.81
189,2022-08-23,300,0.64
190,2022-08-24,70,
191,2022-08-24,75,95.6
192,2022-08-24,80,90.6
193,2022-08-24,85,86
194,2022-08-24,90,
195,2022-08-24,95,
196,2022-08-24,100,
197,2022-08-24,105,
198,2022-08-24,110,
199,2022-08-24,115,59.6
200,2022-08-24,120,
201,2022-08-24,125,
202,2022-08-24,130,
203,2022-08-24,135,
204,2022-08-24,140,
205,2022-08-24,145,37.65
206,2022-08-24,150,34.37
207,2022-08-24,155,31.25
208,2022-08-24,160,27.95
209,2022-08-24,165,25.55
210,2022-08-24,170,22.9
211,2022-08-24,175,20.3
212,2022-08-24,180,18.07
213,2022-08-24,185,15.95
214,2022-08-24,190,14.1
215,2022-08-24,195,12.3
216,2022-08-24,200,10.75
217,2022-08-24,205,9.25
218,2022-08-24,210,8.25
219,2022-08-24,220,6.12
220,2022-08-24,230,
221,2022-08-24,240,3.35
222,2022-08-24,250,2.4
223,2022-08-24,260,
224,2022-08-24,270,1.35
225,2022-08-24,280,1.04
226,2022-08-24,290,0.8
227,2022-08-24,300,0.63
228,2022-08-25,70,101.15
229,2022-08-25,75,
230,2022-08-25,80,91.9
231,2022-08-25,85,
232,2022-08-25,90,
233,2022-08-25,95,
234,2022-08-25,100,
235,2022-08-25,105,70.23
236,2022-08-25,110,
237,2022-08-25,115,
238,2022-08-25,120,57.5
239,2022-08-25,125,
240,2022-08-25,130,
241,2022-08-25,135,46.36
242,2022-08-25,140,42.88
243,2022-08-25,145,39.37
244,2022-08-25,150,35.1
245,2022-08-25,155,
246,2022-08-25,160,29.5
247,2022-08-25,165,26.8
248,2022-08-25,170,23.67
249,2022-08-25,175,21.25
250,2022-08-25,180,19.15
251,2022-08-25,185,16.68
252,2022-08-25,190,14.8
253,2022-08-25,195,13
254,2022-08-25,200,11.18
255,2022-08-25,205,
256,2022-08-25,210,8.55
257,2022-08-25,220,6.26
258,2022-08-25,230,4.7
259,2022-08-25,240,3.47
260,2022-08-25,250,2.55
261,2022-08-25,260,1.89
262,2022-08-25,270,
263,2022-08-25,280,
264,2022-08-25,290,
265,2022-08-25,300,0.64
266,2022-08-26,70,102.5
267,2022-08-26,75,
268,2022-08-26,80,
269,2022-08-26,85,
270,2022-08-26,90,
271,2022-08-26,95,
272,2022-08-26,100,70.05
273,2022-08-26,105,
274,2022-08-26,110,61.22
275,2022-08-26,115,60.37
276,2022-08-26,120,54.87
277,2022-08-26,125,
278,2022-08-26,130,
279,2022-08-26,135,43.6
280,2022-08-26,140,38.5
281,2022-08-26,145,35.28
282,2022-08-26,150,32.24
283,2022-08-26,155,29.55
284,2022-08-26,160,26.72
285,2022-08-26,165,23.51
286,2022-08-26,170,21.1
287,2022-08-26,175,18.78
288,2022-08-26,180,16.76
289,2022-08-26,185,14.7
290,2022-08-26,190,13.05
291,2022-08-26,195,12.12
292,2022-08-26,200,9.94
293,2022-08-26,205,9.05
294,2022-08-26,210,7.28
295,2022-08-26,220,5.6
296,2022-08-26,230,4.12
297,2022-08-26,240,3.02
298,2022-08-26,250,2.21
299,2022-08-26,260,1.7
300,2022-08-26,270,1.29
301,2022-08-26,280,
302,2022-08-26,290,
303,2022-08-26,300,0.62
304,2022-08-27,70,
305,2022-08-27,75,
306,2022-08-27,80,
307,2022-08-27,85,
308,2022-08-27,90,
309,2022-08-27,95,
310,2022-08-27,100,
311,2022-08-27,105,
312,2022-08-27,110,
313,2022-08-27,115,
314,2022-08-27,120,
315,2022-08-27,125,
316,2022-08-27,130,
317,2022-08-27,135,
318,2022-08-27,140,
319,2022-08-27,145,
320,2022-08-27,150,
321,2022-08-27,155,
322,2022-08-27,160,
323,2022-08-27,165,
324,2022-08-27,170,
325,2022-08-27,175,
326,2022-08-27,180,
327,2022-08-27,185,
328,2022-08-27,190,
329,2022-08-27,195,
330,2022-08-27,200,
331,2022-08-27,205,
332,2022-08-27,210,
333,2022-08-27,220,
334,2022-08-27,230,
335,2022-08-27,240,
336,2022-08-27,250,
337,2022-08-27,260,
338,2022-08-27,270,
339,2022-08-27,280,
340,2022-08-27,290,
341,2022-08-27,300,
342,2022-08-28,70,
343,2022-08-28,75,
344,2022-08-28,80,
345,2022-08-28,85,
346,2022-08-28,90,
347,2022-08-28,95,
348,2022-08-28,100,
349,2022-08-28,105,
350,2022-08-28,110,
351,2022-08-28,115,
352,2022-08-28,120,
353,2022-08-28,125,
354,2022-08-28,130,
355,2022-08-28,135,
356,2022-08-28,140,
357,2022-08-28,145,
358,2022-08-28,150,
359,2022-08-28,155,
360,2022-08-28,160,
361,2022-08-28,165,
362,2022-08-28,170,
363,2022-08-28,175,
364,2022-08-28,180,
365,2022-08-28,185,
366,2022-08-28,190,
367,2022-08-28,195,
368,2022-08-28,200,
369,2022-08-28,205,
370,2022-08-28,210,
371,2022-08-28,220,
372,2022-08-28,230,
373,2022-08-28,240,
374,2022-08-28,250,
375,2022-08-28,260,
376,2022-08-28,270,
377,2022-08-28,280,
378,2022-08-28,290,
379,2022-08-28,300,
380,2022-08-29,70,
381,2022-08-29,75,
382,2022-08-29,80,
383,2022-08-29,85,80.89
384,2022-08-29,90,
385,2022-08-29,95,
386,2022-08-29,100,67
387,2022-08-29,105,63.51
388,2022-08-29,110,59.38
389,2022-08-29,115,
390,2022-08-29,120,51.55
391,2022-08-29,125,48.3
392,2022-08-29,130,44.22
393,2022-08-29,135,40.52
394,2022-08-29,140,37
395,2022-08-29,145,
396,2022-08-29,150,30.4
397,2022-08-29,155,27.72
398,2022-08-29,160,24.9
399,2022-08-29,165,22
400,2022-08-29,170,19.89
401,2022-08-29,175,17.68
402,2022-08-29,180,15.55
403,2022-08-29,185,13.3
404,2022-08-29,190,12
405,2022-08-29,195,10.43
406,2022-08-29,200,9
407,2022-08-29,205,7.75
408,2022-08-29,210,6.5
409,2022-08-29,220,5.07
410,2022-08-29,230,3.65
411,2022-08-29,240,2.69
412,2022-08-29,250,2.05
413,2022-08-29,260,1.47
414,2022-08-29,270,
415,2022-08-29,280,0.87
416,2022-08-29,290,
417,2022-08-29,300,0.51
418,2022-08-30,70,90.8
419,2022-08-30,75,
420,2022-08-30,80,
421,2022-08-30,85,77.71
422,2022-08-30,90,
423,2022-08-30,95,
424,2022-08-30,100,64.5
425,2022-08-30,105,60.5
426,2022-08-30,110,56.43
427,2022-08-30,115,53
428,2022-08-30,120,
429,2022-08-30,125,44.51
430,2022-08-30,130,41
431,2022-08-30,135,38.05
432,2022-08-30,140,34.3
433,2022-08-30,145,30.8
434,2022-08-30,150,28
435,2022-08-30,155,25.5
436,2022-08-30,160,22.6
437,2022-08-30,165,20.14
438,2022-08-30,170,17.8
439,2022-08-30,175,15.73
440,2022-08-30,180,13.82
441,2022-08-30,185,12.15
442,2022-08-30,190,10.7
443,2022-08-30,195,9.1
444,2022-08-30,200,7.9
445,2022-08-30,205,7
446,2022-08-30,210,6
447,2022-08-30,220,4.3
448,2022-08-30,230,3.2
449,2022-08-30,240,2.32
450,2022-08-30,250,1.77
451,2022-08-30,260,1.23
452,2022-08-30,270,0.94
453,2022-08-30,280,0.72
454,2022-08-30,290,0.56
455,2022-08-30,300,0.41
456,2022-08-31,70,
457,2022-08-31,75,
458,2022-08-31,80,
459,2022-08-31,85,
460,2022-08-31,90,
461,2022-08-31,95,
462,2022-08-31,100,
463,2022-08-31,105,
464,2022-08-31,110,
465,2022-08-31,115,52.85
466,2022-08-31,120,
467,2022-08-31,125,45.71
468,2022-08-31,130,
469,2022-08-31,135,
470,2022-08-31,140,34.95
471,2022-08-31,145,31.39
472,2022-08-31,150,27.9
473,2022-08-31,155,25.3
474,2022-08-31,160,22
475,2022-08-31,165,19.7
476,2022-08-31,170,18.3
477,2022-08-31,175,15.5
478,2022-08-31,180,13.58
479,2022-08-31,185,11.55
480,2022-08-31,190,10.4
481,2022-08-31,195,9.58
482,2022-08-31,200,7.5
483,2022-08-31,205,6.74
484,2022-08-31,210,5.85
485,2022-08-31,220,4
486,2022-08-31,230,2.95
487,2022-08-31,240,2.3
488,2022-08-31,250,1.65
489,2022-08-31,260,1.21
490,2022-08-31,270,0.92
491,2022-08-31,280,0.66
492,2022-08-31,290,0.55
493,2022-08-31,300,0.43
494,2022-09-01,70,89.3
495,2022-09-01,75,83.5
496,2022-09-01,80,
497,2022-09-01,85,
498,2022-09-01,90,
499,2022-09-01,95,
500,2022-09-01,100,63.85
501,2022-09-01,105,
502,2022-09-01,110,55.75
503,2022-09-01,115,50.35
504,2022-09-01,120,47.15
505,2022-09-01,125,42.6
506,2022-09-01,130,39.76
507,2022-09-01,135,34.7
508,2022-09-01,140,33
509,2022-09-01,145,29.92
510,2022-09-01,150,27.35
511,2022-09-01,155,24.55
512,2022-09-01,160,21.93
513,2022-09-01,165,19.45
514,2022-09-01,170,17.05
515,2022-09-01,175,14.9
516,2022-09-01,180,13.15
517,2022-09-01,185,10.9
518,2022-09-01,190,9.43
519,2022-09-01,195,8.25
520,2022-09-01,200,7.43
521,2022-09-01,205,5.9
522,2022-09-01,210,5.19
523,2022-09-01,220,3.9
524,2022-09-01,230,2.77
525,2022-09-01,240,
526,2022-09-01,250,1.45
527,2022-09-01,260,1.14
528,2022-09-01,270,0.83
529,2022-09-01,280,
530,2022-09-01,290,
531,2022-09-01,300,0.39
532,2022-09-02,70,
533,2022-09-02,75,
534,2022-09-02,80,83.15
535,2022-09-02,85,
536,2022-09-02,90,
537,2022-09-02,95,
538,2022-09-02,100,62.25
539,2022-09-02,105,
540,2022-09-02,110,
541,2022-09-02,115,
542,2022-09-02,120,45.5
543,2022-09-02,125,
544,2022-09-02,130,41.55
545,2022-09-02,135,38.2
546,2022-09-02,140,32.5
547,2022-09-02,145,30.75
548,2022-09-02,150,25.77
549,2022-09-02,155,23.15
550,2022-09-02,160,20.7
551,2022-09-02,165,18.65
552,2022-09-02,170,16.6
553,2022-09-02,175,14.45
554,2022-09-02,180,12.36
555,2022-09-02,185,11
556,2022-09-02,190,9.4
557,2022-09-02,195,7.95
558,2022-09-02,200,6.96
559,2022-09-02,205,6.18
560,2022-09-02,210,5.15
561,2022-09-02,220,3.6
562,2022-09-02,230,2.61
563,2022-09-02,240,1.9
564,2022-09-02,250,1.39
565,2022-09-02,260,
566,2022-09-02,270,0.77
567,2022-09-02,280,0.62
568,2022-09-02,290,0.47
569,2022-09-02,300,0.37
570,2022-09-03,70,
571,2022-09-03,75,
572,2022-09-03,80,
573,2022-09-03,85,
574,2022-09-03,90,
575,2022-09-03,95,
576,2022-09-03,100,
577,2022-09-03,105,
578,2022-09-03,110,
579,2022-09-03,115,
580,2022-09-03,120,
581,2022-09-03,125,
582,2022-09-03,130,
583,2022-09-03,135,
584,2022-09-03,140,
585,2022-09-03,145,
586,2022-09-03,150,
587,2022-09-03,155,
588,2022-09-03,160,
589,2022-09-03,165,
590,2022-09-03,170,
591,2022-09-03,175,
592,2022-09-03,180,
593,2022-09-03,185,
594,2022-09-03,190,
595,2022-09-03,195,
596,2022-09-03,200,
597,2022-09-03,205,
598,2022-09-03,210,
599,2022-09-03,220,
600,2022-09-03,230,
601,2022-09-03,240,
602,2022-09-03,250,
603,2022-09-03,260,
604,2022-09-03,270,
605,2022-09-03,280,
606,2022-09-03,290,
607,2022-09-03,300,
608,2022-09-04,70,
609,2022-09-04,75,
610,2022-09-04,80,
611,2022-09-04,85,
612,2022-09-04,90,
613,2022-09-04,95,
614,2022-09-04,100,
615,2022-09-04,105,
616,2022-09-04,110,
617,2022-09-04,115,
618,2022-09-04,120,
619,2022-09-04,125,
620,2022-09-04,130,
621,2022-09-04,135,
622,2022-09-04,140,
623,2022-09-04,145,
624,2022-09-04,150,
625,2022-09-04,155,
626,2022-09-04,160,
627,2022-09-04,165,
628,2022-09-04,170,
629,2022-09-04,175,
630,2022-09-04,180,
631,2022-09-04,185,
632,2022-09-04,190,
633,2022-09-04,195,
634,2022-09-04,200,
635,2022-09-04,205,
636,2022-09-04,210,
637,2022-09-04,220,
638,2022-09-04,230,
639,2022-09-04,240,
640,2022-09-04,250,
641,2022-09-04,260,
642,2022-09-04,270,
643,2022-09-04,280,
644,2022-09-04,290,
645,2022-09-04,300,
646,2022-09-05,70,
647,2022-09-05,75,
648,2022-09-05,80,
649,2022-09-05,85,
650,2022-09-05,90,
651,2022-09-05,95,
652,2022-09-05,100,
653,2022-09-05,105,
654,2022-09-05,110,
655,2022-09-05,115,
656,2022-09-05,120,
657,2022-09-05,125,
658,2022-09-05,130,
659,2022-09-05,135,
660,2022-09-05,140,
661,2022-09-05,145,
662,2022-09-05,150,
663,2022-09-05,155,
664,2022-09-05,160,
665,2022-09-05,165,
666,2022-09-05,170,
667,2022-09-05,175,
668,2022-09-05,180,
669,2022-09-05,185,
670,2022-09-05,190,
671,2022-09-05,195,
672,2022-09-05,200,
673,2022-09-05,205,
674,2022-09-05,210,
675,2022-09-05,220,
676,2022-09-05,230,
677,2022-09-05,240,
678,2022-09-05,250,
679,2022-09-05,260,
680,2022-09-05,270,
681,2022-09-05,280,
682,2022-09-05,290,
683,2022-09-05,300,
684,2022-09-06,70,86.99
685,2022-09-06,75,
686,2022-09-06,80,79.7
687,2022-09-06,85,
688,2022-09-06,90,
689,2022-09-06,95,64.85
690,2022-09-06,100,60.7
691,2022-09-06,105,56.7
692,2022-09-06,110,52.55
693,2022-09-06,115,48.75
694,2022-09-06,120,45.4
695,2022-09-06,125,
696,2022-09-06,130,37.7
697,2022-09-06,135,35.3
698,2022-09-06,140,31.42
699,2022-09-06,145,
700,2022-09-06,150,25.7
701,2022-09-06,155,22.65
702,2022-09-06,160,20.15
703,2022-09-06,165,17.99
704,2022-09-06,170,15.73
705,2022-09-06,175,13.9
706,2022-09-06,180,12.26
707,2022-09-06,185,10.5
708,2022-09-06,190,9.15
709,2022-09-06,195,8
710,2022-09-06,200,6.8
711,2022-09-06,205,5.85
712,2022-09-06,210,4.95
713,2022-09-06,220,3.7
714,2022-09-06,230,2.7
715,2022-09-06,240,2
716,2022-09-06,250,1.5
717,2022-09-06,260,1.11
718,2022-09-06,270,0.82
719,2022-09-06,280,
720,2022-09-06,290,0.49
721,2022-09-06,300,0.37
722,2022-09-07,70,88.2
723,2022-09-07,75,82.2
724,2022-09-07,80,77.7
725,2022-09-07,85,
726,2022-09-07,90,
727,2022-09-07,95,
728,2022-09-07,100,61.2
729,2022-09-07,105,
730,2022-09-07,110,53.5
731,2022-09-07,115,49.6
732,2022-09-07,120,45.6
733,2022-09-07,125,41.55
734,2022-09-07,130,38.25
735,2022-09-07,135,
736,2022-09-07,140,
737,2022-09-07,145,28.3
738,2022-09-07,150,25.83
739,2022-09-07,155,23.45
740,2022-09-07,160,20.8
741,2022-09-07,165,18.25
742,2022-09-07,170,16.46
743,2022-09-07,175,14.3
744,2022-09-07,180,12.4
745,2022-09-07,185,10.55
746,2022-09-07,190,9.1
747,2022-09-07,195,7.96
748,2022-09-07,200,6.99
749,2022-09-07,205,5.75
750,2022-09-07,210,4.99
751,2022-09-07,220,3.75
752,2022-09-07,230,2.64
753,2022-09-07,240,1.94
754,2022-09-07,250,1.37
755,2022-09-07,260,
756,2022-09-07,270,0.79
757,2022-09-07,280,
758,2022-09-07,290,
759,2022-09-07,300,0.35
760,2022-09-08,70,
761,2022-09-08,75,82
762,2022-09-08,80,
763,2022-09-08,85,
764,2022-09-08,90,
765,2022-09-08,95,
766,2022-09-08,100,60.5
767,2022-09-08,105,
768,2022-09-08,110,
769,2022-09-08,115,47.8
770,2022-09-08,120,43.9
771,2022-09-08,125,40.45
772,2022-09-08,130,36.8
773,2022-09-08,135,33.9
774,2022-09-08,140,30.4
775,2022-09-08,145,27
776,2022-09-08,150,24.53
777,2022-09-08,155,21.67
778,2022-09-08,160,19.31
779,2022-09-08,165,17.05
780,2022-09-08,170,14.92
781,2022-09-08,175,13.1
782,2022-09-08,180,11.38
783,2022-09-08,185,9.8
784,2022-09-08,190,8.35
785,2022-09-08,195,7.2
786,2022-09-08,200,6.15
787,2022-09-08,205,5.3
788,2022-09-08,210,4.45
789,2022-09-08,220,3.26
790,2022-09-08,230,2.34
791,2022-09-08,240,1.73
792,2022-09-08,250,1.23
793,2022-09-08,260,
794,2022-09-08,270,0.69
795,2022-09-08,280,
796,2022-09-08,290,0.48
797,2022-09-08,300,0.32
798,2022-09-09,70,87.5
799,2022-09-09,75,84.92
800,2022-09-09,80,
801,2022-09-09,85,76.2
802,2022-09-09,90,
803,2022-09-09,95,
804,2022-09-09,100,62.7
805,2022-09-09,105,
806,2022-09-09,110,
807,2022-09-09,115,49.15
808,2022-09-09,120,45.65
809,2022-09-09,125,43.15
810,2022-09-09,130,38.75
811,2022-09-09,135,35.8
812,2022-09-09,140,32.66
813,2022-09-09,145,
814,2022-09-09,150,26.4
815,2022-09-09,155,23.8
816,2022-09-09,160,20.95
817,2022-09-09,165,18.6
818,2022-09-09,170,16.3
819,2022-09-09,175,14.27
820,2022-09-09,180,12.42
821,2022-09-09,185,10.8
822,2022-09-09,190,9.23
823,2022-09-09,195,7.9
824,2022-09-09,200,6.75
825,2022-09-09,205,5.7
826,2022-09-09,210,4.8
827,2022-09-09,220,3.35
828,2022-09-09,230,2.38
829,2022-09-09,240,1.79
830,2022-09-09,250,1.32
831,2022-09-09,260,
832,2022-09-09,270,
833,2022-09-09,280,
834,2022-09-09,290,0.39
835,2022-09-09,300,0.33
836,2022-09-10,70,
837,2022-09-10,75,
838,2022-09-10,80,
839,2022-09-10,85,
840,2022-09-10,90,
841,2022-09-10,95,
842,2022-09-10,100,
843,2022-09-10,105,
844,2022-09-10,110,
845,2022-09-10,115,
846,2022-09-10,120,
847,2022-09-10,125,
848,2022-09-10,130,
849,2022-09-10,135,
850,2022-09-10,140,
851,2022-09-10,145,
852,2022-09-10,150,
853,2022-09-10,155,
854,2022-09-10,160,
855,2022-09-10,165,
856,2022-09-10,170,
857,2022-09-10,175,
858,2022-09-10,180,
859,2022-09-10,185,
860,2022-09-10,190,
861,2022-09-10,195,
862,2022-09-10,200,
863,2022-09-10,205,
864,2022-09-10,210,
865,2022-09-10,220,
866,2022-09-10,230,
867,2022-09-10,240,
868,2022-09-10,250,
869,2022-09-10,260,
870,2022-09-10,270,
871,2022-09-10,280,
872,2022-09-10,290,
873,2022-09-10,300,
874,2022-09-11,70,
875,2022-09-11,75,
876,2022-09-11,80,
877,2022-09-11,85,
878,2022-09-11,90,
879,2022-09-11,95,
880,2022-09-11,100,
881,2022-09-11,105,
882,2022-09-11,110,
883,2022-09-11,115,
884,2022-09-11,120,
885,2022-09-11,125,
886,2022-09-11,130,
887,2022-09-11,135,
888,2022-09-11,140,
889,2022-09-11,145,
890,2022-09-11,150,
891,2022-09-11,155,
892,2022-09-11,160,
893,2022-09-11,165,
894,2022-09-11,170,
895,2022-09-11,175,
896,2022-09-11,180,
897,2022-09-11,185,
898,2022-09-11,190,
899,2022-09-11,195,
900,2022-09-11,200,
901,2022-09-11,205,
902,2022-09-11,210,
903,2022-09-11,220,
904,2022-09-11,230,
905,2022-09-11,240,
906,2022-09-11,250,
907,2022-09-11,260,
908,2022-09-11,270,
909,2022-09-11,280,
910,2022-09-11,290,
911,2022-09-11,300,
912,2022-09-12,70,93.67
913,2022-09-12,75,
914,2022-09-12,80,
915,2022-09-12,85,
916,2022-09-12,90,
917,2022-09-12,95,73.45
918,2022-09-12,100,69.35
919,2022-09-12,105,61.52
920,2022-09-12,110,
921,2022-09-12,115,
922,2022-09-12,120,52.2
923,2022-09-12,125,48.5
924,2022-09-12,130,44.85
925,2022-09-12,135,38.25
926,2022-09-12,140,37.3
927,2022-09-12,145,34.29
928,2022-09-12,150,30.73
929,2022-09-12,155,27.48
930,2022-09-12,160,25.15
931,2022-09-12,165,22.5
932,2022-09-12,170,19.91
933,2022-09-12,175,17.5
934,2022-09-12,180,15.6
935,2022-09-12,185,13.55
936,2022-09-12,190,11.95
937,2022-09-12,195,10.3
938,2022-09-12,200,9
939,2022-09-12,205,7.1
940,2022-09-12,210,6.64
941,2022-09-12,220,4.75
942,2022-09-12,230,3.45
943,2022-09-12,240,2.6
944,2022-09-12,250,1.87
945,2022-09-12,260,1.39
946,2022-09-12,270,1.01
947,2022-09-12,280,
948,2022-09-12,290,
949,2022-09-12,300,0.48
950,2022-09-13,70,91
951,2022-09-13,75,81.95
952,2022-09-13,80,79.1
953,2022-09-13,85,73.25
954,2022-09-13,90,
955,2022-09-13,95,66.8
956,2022-09-13,100,61.15
957,2022-09-13,105,58.6
958,2022-09-13,110,52.69
959,2022-09-13,115,
960,2022-09-13,120,44.85
961,2022-09-13,125,42.28
962,2022-09-13,130,39.5
963,2022-09-13,135,36.9
964,2022-09-13,140,31.44
965,2022-09-13,145,28.6
966,2022-09-13,150,24.96
967,2022-09-13,155,22.52
968,2022-09-13,160,20
969,2022-09-13,165,17.55
970,2022-09-13,170,15.47
971,2022-09-13,175,13.8
972,2022-09-13,180,11.71
973,2022-09-13,185,10.2
974,2022-09-13,190,9.27
975,2022-09-13,195,7.91
976,2022-09-13,200,6.72
977,2022-09-13,205,6.4
978,2022-09-13,210,5
979,2022-09-13,220,3.55
980,2022-09-13,230,2.6
981,2022-09-13,240,1.91
982,2022-09-13,250,1.4
983,2022-09-13,260,1.05
984,2022-09-13,270,
985,2022-09-13,280,
986,2022-09-13,290,
987,2022-09-13,300,0.42
988,2022-09-14,70,88.95
989,2022-09-14,75,82.08
990,2022-09-14,80,
991,2022-09-14,85,
992,2022-09-14,90,
993,2022-09-14,95,
994,2022-09-14,100,
995,2022-09-14,105,56.5
996,2022-09-14,110,53.3
997,2022-09-14,115,49.85
998,2022-09-14,120,45.6
999,2022-09-14,125,41.8
1000,2022-09-14,130,37.31
1001,2022-09-14,135,
1002,2022-09-14,140,31.35
1003,2022-09-14,145,29.39
1004,2022-09-14,150,25.11
1005,2022-09-14,155,22.45
1006,2022-09-14,160,20.48
1007,2022-09-14,165,18.72
1008,2022-09-14,170,16.05
1009,2022-09-14,175,14.3
1010,2022-09-14,180,12.31
1011,2022-09-14,185,10.84
1012,2022-09-14,190,9
1013,2022-09-14,195,8.16
1014,2022-09-14,200,6.71
1015,2022-09-14,205,6.05
1016,2022-09-14,210,4.81
1017,2022-09-14,220,3.6
1018,2022-09-14,230,2.77
1019,2022-09-14,240,
1020,2022-09-14,250,1.4
1021,2022-09-14,260,1.03
1022,2022-09-14,270,0.74
1023,2022-09-14,280,
1024,2022-09-14,290,
1025,2022-09-14,300,0.41
1026,2022-09-15,70,85.01
1027,2022-09-15,75,80.8
1028,2022-09-15,80,
1029,2022-09-15,85,
1030,2022-09-15,90,
1031,2022-09-15,95,65.65
1032,2022-09-15,100,59
1033,2022-09-15,105,56.7
1034,2022-09-15,110,51.35
1035,2022-09-15,115,
1036,2022-09-15,120,
1037,2022-09-15,125,
1038,2022-09-15,130,36.25
1039,2022-09-15,135,33.25
1040,2022-09-15,140,
1041,2022-09-15,145,
1042,2022-09-15,150,23.75
1043,2022-09-15,155,21.58
1044,2022-09-15,160,19
1045,2022-09-15,165,16.5
1046,2022-09-15,170,14.8
1047,2022-09-15,175,12.92
1048,2022-09-15,180,11.1
1049,2022-09-15,185,9.45
1050,2022-09-15,190,8.4
1051,2022-09-15,195,
1052,2022-09-15,200,6.05
1053,2022-09-15,205,
1054,2022-09-15,210,4.75
1055,2022-09-15,220,3.4
1056,2022-09-15,230,2.46
1057,2022-09-15,240,1.8
1058,2022-09-15,250,1.3
1059,2022-09-15,260,1.04
1060,2022-09-15,270,0.73
1061,2022-09-15,280,0.59
1062,2022-09-15,290,0.46
1063,2022-09-15,300,0.37
1064,2022-09-16,70,81.85
1065,2022-09-16,75,
1066,2022-09-16,80,74.74
1067,2022-09-16,85,
1068,2022-09-16,90,
1069,2022-09-16,95,60
1070,2022-09-16,100,56.5
1071,2022-09-16,105,
1072,2022-09-16,110,49.7
1073,2022-09-16,115,44.8
1074,2022-09-16,120,42.35
1075,2022-09-16,125,
1076,2022-09-16,130,34
1077,2022-09-16,135,31.75
1078,2022-09-16,140,29.07
1079,2022-09-16,145,26.31
1080,2022-09-16,150,23.4
1081,2022-09-16,155,20.03
1082,2022-09-16,160,18.4
1083,2022-09-16,165,16.32
1084,2022-09-16,170,14
1085,2022-09-16,175,12.5
1086,2022-09-16,180,10.91
1087,2022-09-16,185,9.51
1088,2022-09-16,190,8.2
1089,2022-09-16,195,6.95
1090,2022-09-16,200,6.15
1091,2022-09-16,205,5.24
1092,2022-09-16,210,4.17
1093,2022-09-16,220,3.35
1094,2022-09-16,230,2.48
1095,2022-09-16,240,1.63
1096,2022-09-16,250,1.41
1097,2022-09-16,260,
1098,2022-09-16,270,
1099,2022-09-16,280,0.53
1100,2022-09-16,290,0.44
1101,2022-09-16,300,0.38
1102,2022-09-17,70,
1103,2022-09-17,75,
1104,2022-09-17,80,
1105,2022-09-17,85,
1106,2022-09-17,90,
1107,2022-09-17,95,
1108,2022-09-17,100,
1109,2022-09-17,105,
1110,2022-09-17,110,
1111,2022-09-17,115,
1112,2022-09-17,120,
1113,2022-09-17,125,
1114,2022-09-17,130,
1115,2022-09-17,135,
1116,2022-09-17,140,
1117,2022-09-17,145,
1118,2022-09-17,150,
1119,2022-09-17,155,
1120,2022-09-17,160,
1121,2022-09-17,165,
1122,2022-09-17,170,
1123,2022-09-17,175,
1124,2022-09-17,180,
1125,2022-09-17,185,
1126,2022-09-17,190,
1127,2022-09-17,195,
1128,2022-09-17,200,
1129,2022-09-17,205,
1130,2022-09-17,210,
1131,2022-09-17,220,
1132,2022-09-17,230,
1133,2022-09-17,240,
1134,2022-09-17,250,
1135,2022-09-17,260,
1136,2022-09-17,270,
1137,2022-09-17,280,
1138,2022-09-17,290,
1139,2022-09-17,300,
1140,2022-09-18,70,
1141,2022-09-18,75,
1142,2022-09-18,80,
1143,2022-09-18,85,
1144,2022-09-18,90,
1145,2022-09-18,95,
1146,2022-09-18,100,
1147,2022-09-18,105,
1148,2022-09-18,110,
1149,2022-09-18,115,
1150,2022-09-18,120,
1151,2022-09-18,125,
1152,2022-09-18,130,
1153,2022-09-18,135,
1154,2022-09-18,140,
1155,2022-09-18,145,
1156,2022-09-18,150,
1157,2022-09-18,155,
1158,2022-09-18,160,
1159,2022-09-18,165,
1160,2022-09-18,170,
1161,2022-09-18,175,
1162,2022-09-18,180,
1163,2022-09-18,185,
1164,2022-09-18,190,
1165,2022-09-18,195,
1166,2022-09-18,200,
1167,2022-09-18,205,
1168,2022-09-18,210,
1169,2022-09-18,220,
1170,2022-09-18,230,
1171,2022-09-18,240,
1172,2022-09-18,250,
1173,2022-09-18,260,
1174,2022-09-18,270,
1175,2022-09-18,280,
1176,2022-09-18,290,
1177,2022-09-18,300,
1178,2022-09-19,70,85.1
1179,2022-09-19,75,
1180,2022-09-19,80,
1181,2022-09-19,85,72.7
1182,2022-09-19,90,
1183,2022-09-19,95,64
1184,2022-09-19,100,58.85
1185,2022-09-19,105,
1186,2022-09-19,110,51.9
1187,2022-09-19,115,
1188,2022-09-19,120,44
1189,2022-09-19,125,40.1
1190,2022-09-19,130,35.32
1191,2022-09-19,135,33.61
1192,2022-09-19,140,30.38
1193,2022-09-19,145,27.15
1194,2022-09-19,150,25.4
1195,2022-09-19,155,22.7
1196,2022-09-19,160,19.9
1197,2022-09-19,165,17.46
1198,2022-09-19,170,15.51
1199,2022-09-19,175,13.69
1200,2022-09-19,180,11.75
1201,2022-09-19,185,10.23
1202,2022-09-19,190,8.33
1203,2022-09-19,195,7.12
1204,2022-09-19,200,6.43
1205,2022-09-19,205,5.72
1206,2022-09-19,210,
1207,2022-09-19,220,
1208,2022-09-19,230,
1209,2022-09-19,240,1.84
1210,2022-09-19,250,1.45
1211,2022-09-19,260,1.07
1212,2022-09-19,270,
1213,2022-09-19,280,
1214,2022-09-19,290,
1215,2022-09-19,300,0.39
1216,2022-09-20,70,89.2
1217,2022-09-20,75,
1218,2022-09-20,80,
1219,2022-09-20,85,
1220,2022-09-20,90,
1221,2022-09-20,95,
1222,2022-09-20,100,64
1223,2022-09-20,105,
1224,2022-09-20,110,54.01
1225,2022-09-20,115,
1226,2022-09-20,120,46.75
1227,2022-09-20,125,
1228,2022-09-20,130,
1229,2022-09-20,135,35.63
1230,2022-09-20,140,33.55
1231,2022-09-20,145,30.35
1232,2022-09-20,150,26.5
1233,2022-09-20,155,24.35
1234,2022-09-20,160,21.12
1235,2022-09-20,165,18.9
1236,2022-09-20,170,16.2
1237,2022-09-20,175,15.3
1238,2022-09-20,180,13.3
1239,2022-09-20,185,11.7
1240,2022-09-20,190,9.9
1241,2022-09-20,195,8.25
1242,2022-09-20,200,7.55
1243,2022-09-20,205,5.95
1244,2022-09-20,210,5.15
1245,2022-09-20,220,4.02
1246,2022-09-20,230,3.15
1247,2022-09-20,240,2.08
1248,2022-09-20,250,1.66
1249,2022-09-20,260,
1250,2022-09-20,270,
1251,2022-09-20,280,
1252,2022-09-20,290,0.6
1253,2022-09-20,300,0.42
1254,2022-09-21,70,90
1255,2022-09-21,75,83.78
1256,2022-09-21,80,
1257,2022-09-21,85,
1258,2022-09-21,90,
1259,2022-09-21,95,67.53
1260,2022-09-21,100,63.9
1261,2022-09-21,105,
1262,2022-09-21,110,54.15
1263,2022-09-21,115,
1264,2022-09-21,120,47.94
1265,2022-09-21,125,
1266,2022-09-21,130,38.25
1267,2022-09-21,135,
1268,2022-09-21,140,31.7
1269,2022-09-21,145,28.8
1270,2022-09-21,150,25.9
1271,2022-09-21,155,23.14
1272,2022-09-21,160,21.85
1273,2022-09-21,165,19.81
1274,2022-09-21,170,15.93
1275,2022-09-21,175,15.5
1276,2022-09-21,180,12.1
1277,2022-09-21,185,11.53
1278,2022-09-21,190,10.05
1279,2022-09-21,195,8.4
1280,2022-09-21,200,6.71
1281,2022-09-21,205,6.66
1282,2022-09-21,210,5.11
1283,2022-09-21,220,3.6
1284,2022-09-21,230,2.64
1285,2022-09-21,240,
1286,2022-09-21,250,1.48
1287,2022-09-21,260,1.1
1288,2022-09-21,270,
1289,2022-09-21,280,0.73
1290,2022-09-21,290,
1291,2022-09-21,300,0.38
1292,2022-09-22,70,86.3
1293,2022-09-22,75,
1294,2022-09-22,80,77.4
1295,2022-09-22,85,
1296,2022-09-22,90,
1297,2022-09-22,95,
1298,2022-09-22,100,59.97
1299,2022-09-22,105,54.75
1300,2022-09-22,110,51.5
1301,2022-09-22,115,47
1302,2022-09-22,120,43.25
1303,2022-09-22,125,
1304,2022-09-22,130,
1305,2022-09-22,135,32.61
1306,2022-09-22,140,29.7
1307,2022-09-22,145,27.45
1308,2022-09-22,150,24.9
1309,2022-09-22,155,21.6
1310,2022-09-22,160,19.5
1311,2022-09-22,165,17.5
1312,2022-09-22,170,15.75
1313,2022-09-22,175,13.65
1314,2022-09-22,180,11.05
1315,2022-09-22,185,9.76
1316,2022-09-22,190,8.75
1317,2022-09-22,195,7.35
1318,2022-09-22,200,6.1
1319,2022-09-22,205,5.49
1320,2022-09-22,210,4.5
1321,2022-09-22,220,3.48
1322,2022-09-22,230,2.65
1323,2022-09-22,240,1.89
1324,2022-09-22,250,1.3
1325,2022-09-22,260,1
1326,2022-09-22,270,0.72
1327,2022-09-22,280,0.59
1328,2022-09-22,290,0.45
1329,2022-09-22,300,
1330,2022-09-23,70,83.3
1331,2022-09-23,75,78.25
1332,2022-09-23,80,74.3
1333,2022-09-23,85,
1334,2022-09-23,90,65.74
1335,2022-09-23,95,61.45
1336,2022-09-23,100,57.4
1337,2022-09-23,105,53.25
1338,2022-09-23,110,48.95
1339,2022-09-23,115,44.92
1340,2022-09-23,120,41.75
1341,2022-09-23,125,37.71
1342,2022-09-23,130,34.45
1343,2022-09-23,135,31.25
1344,2022-09-23,140,28.55
1345,2022-09-23,145,24.85
1346,2022-09-23,150,23
1347,2022-09-23,155,20.45
1348,2022-09-23,160,18.1
1349,2022-09-23,165,15.9
1350,2022-09-23,170,13.93
1351,2022-09-23,175,12.15
1352,2022-09-23,180,10.35
1353,2022-09-23,185,9.15
1354,2022-09-23,190,7.85
1355,2022-09-23,195,6.75
1356,2022-09-23,200,5.75
1357,2022-09-23,205,4.95
1358,2022-09-23,210,4.2
1359,2022-09-23,220,3.15
1360,2022-09-23,230,2.27
1361,2022-09-23,240,1.69
1362,2022-09-23,250,1.24
1363,2022-09-23,260,0.97
1364,2022-09-23,270,
1365,2022-09-23,280,
1366,2022-09-23,290,
1367,2022-09-23,300,0.37
1368,2022-09-24,70,
1369,2022-09-24,75,
1370,2022-09-24,80,
1371,2022-09-24,85,
1372,2022-09-24,90,
1373,2022-09-24,95,
1374,2022-09-24,100,
1375,2022-09-24,105,
1376,2022-09-24,110,
1377,2022-09-24,115,
1378,2022-09-24,120,
1379,2022-09-24,125,
1380,2022-09-24,130,
1381,2022-09-24,135,
1382,2022-09-24,140,
1383,2022-09-24,145,
1384,2022-09-24,150,
1385,2022-09-24,155,
1386,2022-09-24,160,
1387,2022-09-24,165,
1388,2022-09-24,170,
1389,2022-09-24,175,
1390,2022-09-24,180,
1391,2022-09-24,185,
1392,2022-09-24,190,
1393,2022-09-24,195,
1394,2022-09-24,200,
1395,2022-09-24,205,
1396,2022-09-24,210,
1397,2022-09-24,220,
1398,2022-09-24,230,
1399,2022-09-24,240,
1400,2022-09-24,250,
1401,2022-09-24,260,
1402,2022-09-24,270,
1403,2022-09-24,280,
1404,2022-09-24,290,
1405,2022-09-24,300,
1406,2022-09-25,70,
1407,2022-09-25,75,
1408,2022-09-25,80,
1409,2022-09-25,85,
1410,2022-09-25,90,
1411,2022-09-25,95,
1412,2022-09-25,100,
1413,2022-09-25,105,
1414,2022-09-25,110,
1415,2022-09-25,115,
1416,2022-09-25,120,
1417,2022-09-25,125,
1418,2022-09-25,130,
1419,2022-09-25,135,
1420,2022-09-25,140,
1421,2022-09-25,145,
1422,2022-09-25,150,
1423,2022-09-25,155,
1424,2022-09-25,160,
1425,2022-09-25,165,
1426,2022-09-25,170,
1427,2022-09-25,175,
1428,2022-09-25,180,
1429,2022-09-25,185,
1430,2022-09-25,190,
1431,2022-09-25,195,
1432,2022-09-25,200,
1433,2022-09-25,205,
1434,2022-09-25,210,
1435,2022-09-25,220,
1436,2022-09-25,230,
1437,2022-09-25,240,
1438,2022-09-25,250,
1439,2022-09-25,260,
1440,2022-09-25,270,
1441,2022-09-25,280,
1442,2022-09-25,290,
1443,2022-09-25,300,
1444,2022-09-26,70,84.16
1445,2022-09-26,75,80.2
1446,2022-09-26,80,75.66
1447,2022-09-26,85,71.31
1448,2022-09-26,90,67.05
1449,2022-09-26,95,62.74
1450,2022-09-26,100,58.25
1451,2022-09-26,105,54.2
1452,2022-09-26,110,50.57
1453,2022-09-26,115,46.71
1454,2022-09-26,120,42.85
1455,2022-09-26,125,39.35
1456,2022-09-26,130,35.89
1457,2022-09-26,135,32.95
1458,2022-09-26,140,29.6
1459,2022-09-26,145,26.25
1460,2022-09-26,150,23.52
1461,2022-09-26,155,21.24
1462,2022-09-26,160,18.35
1463,2022-09-26,165,16.27
1464,2022-09-26,170,14.65
1465,2022-09-26,175,12.8
1466,2022-09-26,180,11.15
1467,2022-09-26,185,9.6
1468,2022-09-26,190,8.35
1469,2022-09-26,195,7.23
1470,2022-09-26,200,6.15
1471,2022-09-26,205,5.15
1472,2022-09-26,210,4.53
1473,2022-09-26,220,3.2
1474,2022-09-26,230,2.38
1475,2022-09-26,240,1.72
1476,2022-09-26,250,1.33
1477,2022-09-26,260,0.96
1478,2022-09-26,270,
1479,2022-09-26,280,0.56
1480,2022-09-26,290,0.45
1481,2022-09-26,300,0.37
1482,2022-09-27,70,87.05
1483,2022-09-27,75,
1484,2022-09-27,80,78.31
1485,2022-09-27,85,
1486,2022-09-27,90,
1487,2022-09-27,95,65.05
1488,2022-09-27,100,60.85
1489,2022-09-27,105,54.13
1490,2022-09-27,110,50
1491,2022-09-27,115,
1492,2022-09-27,120,44.95
1493,2022-09-27,125,39.5
1494,2022-09-27,130,35.72
1495,2022-09-27,135,32.6
1496,2022-09-27,140,29.99
1497,2022-09-27,145,25.85
1498,2022-09-27,150,23.95
1499,2022-09-27,155,21.45
1500,2022-09-27,160,19.25
1501,2022-09-27,165,16.9
1502,2022-09-27,170,14.3
1503,2022-09-27,175,13.05
1504,2022-09-27,180,11.35
1505,2022-09-27,185,9.92
1506,2022-09-27,190,8.65
1507,2022-09-27,195,
1508,2022-09-27,200,6.25
1509,2022-09-27,205,5.35
1510,2022-09-27,210,4.6
1511,2022-09-27,220,3.35
1512,2022-09-27,230,2.54
1513,2022-09-27,240,1.91
1514,2022-09-27,250,1.4
1515,2022-09-27,260,1.07
1516,2022-09-27,270,
1517,2022-09-27,280,0.63
1518,2022-09-27,290,0.45
1519,2022-09-27,300,0.38
1520,2022-09-28,70,81.4
1521,2022-09-28,75,
1522,2022-09-28,80,71.05
1523,2022-09-28,85,
1524,2022-09-28,90,
1525,2022-09-28,95,57.8
1526,2022-09-28,100,54.5
1527,2022-09-28,105,49.3
1528,2022-09-28,110,49.1
1529,2022-09-28,115,
1530,2022-09-28,120,41.4
1531,2022-09-28,125,36.9
1532,2022-09-28,130,33.9
1533,2022-09-28,135,28.4
1534,2022-09-28,140,28.08
1535,2022-09-28,145,23.71
1536,2022-09-28,150,22.75
1537,2022-09-28,155,20.01
1538,2022-09-28,160,18
1539,2022-09-28,165,15.85
1540,2022-09-28,170,13.84
1541,2022-09-28,175,11.75
1542,2022-09-28,180,10.45
1543,2022-09-28,185,9.05
1544,2022-09-28,190,7.85
1545,2022-09-28,195,6.25
1546,2022-09-28,200,5.71
1547,2022-09-28,205,4.27
1548,2022-09-28,210,4.25
1549,2022-09-28,220,3.09
1550,2022-09-28,230,2.03
1551,2022-09-28,240,1.49
1552,2022-09-28,250,1.1
1553,2022-09-28,260,0.81
1554,2022-09-28,270,0.66
1555,2022-09-28,280,0.5
1556,2022-09-28,290,0.42
1557,2022-09-28,300,0.36
1558,2022-09-29,70,75.95
1559,2022-09-29,75,70
1560,2022-09-29,80,67.2
1561,2022-09-29,85,62.5
1562,2022-09-29,90,58.25
1563,2022-09-29,95,53.97
1564,2022-09-29,100,50.3
1565,2022-09-29,105,46.95
1566,2022-09-29,110,43.15
1567,2022-09-29,115,38.32
1568,2022-09-29,120,34.85
1569,2022-09-29,125,32.75
1570,2022-09-29,130,29.21
1571,2022-09-29,135,26.16
1572,2022-09-29,140,23.28
1573,2022-09-29,145,20.88
1574,2022-09-29,150,18.3
1575,2022-09-29,155,16.2
1576,2022-09-29,160,14.05
1577,2022-09-29,165,12.22
1578,2022-09-29,170,10.6
1579,2022-09-29,175,9.35
1580,2022-09-29,180,7.95
1581,2022-09-29,185,6.85
1582,2022-09-29,190,5.92
1583,2022-09-29,195,4.95
1584,2022-09-29,200,4.25
1585,2022-09-29,205,3.67
1586,2022-09-29,210,3
1587,2022-09-29,220,2.22
1588,2022-09-29,230,1.63
1589,2022-09-29,240,1.2
1590,2022-09-29,250,0.92
1591,2022-09-29,260,
1592,2022-09-29,270,
1593,2022-09-29,280,0.41
1594,2022-09-29,290,0.34
1595,2022-09-29,300,0.27
1596,2022-09-30,70,73.73
1597,2022-09-30,75,71.2
1598,2022-09-30,80,65
1599,2022-09-30,85,
1600,2022-09-30,90,
1601,2022-09-30,95,51.45
1602,2022-09-30,100,48.45
1603,2022-09-30,105,44.4
1604,2022-09-30,110,39.85
1605,2022-09-30,115,36.2
1606,2022-09-30,120,32.45
1607,2022-09-30,125,30.25
1608,2022-09-30,130,27.1
1609,2022-09-30,135,24.05
1610,2022-09-30,140,20.72
1611,2022-09-30,145,18.47
1612,2022-09-30,150,17.05
1613,2022-09-30,155,14.78
1614,2022-09-30,160,12.25
1615,2022-09-30,165,10.9
1616,2022-09-30,170,9.65
1617,2022-09-30,175,7.88
1618,2022-09-30,180,6.87
1619,2022-09-30,185,6
1620,2022-09-30,190,5.2
1621,2022-09-30,195,4.15
1622,2022-09-30,200,3.7
1623,2022-09-30,205,3
1624,2022-09-30,210,2.67
1625,2022-09-30,220,1.89
1626,2022-09-30,230,1.35
1627,2022-09-30,240,1.04
1628,2022-09-30,250,0.73
1629,2022-09-30,260,0.59
1630,2022-09-30,270,
1631,2022-09-30,280,
1632,2022-09-30,290,
1633,2022-09-30,300,0.26
1634,2022-10-01,70,
1635,2022-10-01,75,
1636,2022-10-01,80,
1637,2022-10-01,85,
1638,2022-10-01,90,
1639,2022-10-01,95,
1640,2022-10-01,100,
1641,2022-10-01,105,
1642,2022-10-01,110,
1643,2022-10-01,115,
1644,2022-10-01,120,
1645,2022-10-01,125,
1646,2022-10-01,130,
1647,2022-10-01,135,
1648,2022-10-01,140,
1649,2022-10-01,145,
1650,2022-10-01,150,
1651,2022-10-01,155,
1652,2022-10-01,160,
1653,2022-10-01,165,
1654,2022-10-01,170,
1655,2022-10-01,175,
1656,2022-10-01,180,
1657,2022-10-01,185,
1658,2022-10-01,190,
1659,2022-10-01,195,
1660,2022-10-01,200,
1661,2022-10-01,205,
1662,2022-10-01,210,
1663,2022-10-01,220,
1664,2022-10-01,230,
1665,2022-10-01,240,
1666,2022-10-01,250,
1667,2022-10-01,260,
1668,2022-10-01,270,
1669,2022-10-01,280,
1670,2022-10-01,290,
1671,2022-10-01,300,
1672,2022-10-02,70,
1673,2022-10-02,75,
1674,2022-10-02,80,
1675,2022-10-02,85,
1676,2022-10-02,90,
1677,2022-10-02,95,
1678,2022-10-02,100,
1679,2022-10-02,105,
1680,2022-10-02,110,
1681,2022-10-02,115,
1682,2022-10-02,120,
1683,2022-10-02,125,
1684,2022-10-02,130,
1685,2022-10-02,135,
1686,2022-10-02,140,
1687,2022-10-02,145,
1688,2022-10-02,150,
1689,2022-10-02,155,
1690,2022-10-02,160,
1691,2022-10-02,165,
1692,2022-10-02,170,
1693,2022-10-02,175,
1694,2022-10-02,180,
1695,2022-10-02,185,
1696,2022-10-02,190,
1697,2022-10-02,195,
1698,2022-10-02,200,
1699,2022-10-02,205,
1700,2022-10-02,210,
1701,2022-10-02,220,
1702,2022-10-02,230,
1703,2022-10-02,240,
1704,2022-10-02,250,
1705,2022-10-02,260,
1706,2022-10-02,270,
1707,2022-10-02,280,
1708,2022-10-02,290,
1709,2022-10-02,300,
1710,2022-10-03,70,74.15
1711,2022-10-03,75,
1712,2022-10-03,80,
1713,2022-10-03,85,62.85
1714,2022-10-03,90,
1715,2022-10-03,95,54.3
1716,2022-10-03,100,50.3
1717,2022-10-03,105,
1718,2022-10-03,110,42.45
1719,2022-10-03,115,
1720,2022-10-03,120,34.75
1721,2022-10-03,125,31.05
1722,2022-10-03,130,28.75
1723,2022-10-03,135,25.9
1724,2022-10-03,140,23.03
1725,2022-10-03,145,20.56
1726,2022-10-03,150,17.81
1727,2022-10-03,155,15.63
1728,2022-10-03,160,13.5
1729,2022-10-03,165,11.95
1730,2022-10-03,170,10.35
1731,2022-10-03,175,8.8
1732,2022-10-03,180,7.68
1733,2022-10-03,185,6.4
1734,2022-10-03,190,5.37
1735,2022-10-03,195,4.7
1736,2022-10-03,200,3.95
1737,2022-10-03,205,3.09
1738,2022-10-03,210,2.65
1739,2022-10-03,220,2.06
1740,2022-10-03,230,1.51
1741,2022-10-03,240,1.09
1742,2022-10-03,250,0.8
1743,2022-10-03,260,
1744,2022-10-03,270,0.46
1745,2022-10-03,280,0.35
1746,2022-10-03,290,
1747,2022-10-03,300,0.23
1748,2022-10-04,70,77.83
1749,2022-10-04,75,
1750,2022-10-04,80,69.5
1751,2022-10-04,85,65.25
1752,2022-10-04,90,60.75
1753,2022-10-04,95,
1754,2022-10-04,100,52.4
1755,2022-10-04,105,47.95
1756,2022-10-04,110,
1757,2022-10-04,115,40.6
1758,2022-10-04,120,37.15
1759,2022-10-04,125,34
1760,2022-10-04,130,30.3
1761,2022-10-04,135,
1762,2022-10-04,140,24.35
1763,2022-10-04,145,21.95
1764,2022-10-04,150,19.4
1765,2022-10-04,155,17.17
1766,2022-10-04,160,14.9
1767,2022-10-04,165,13.05
1768,2022-10-04,170,11.27
1769,2022-10-04,175,9.75
1770,2022-10-04,180,8.15
1771,2022-10-04,185,7.09
1772,2022-10-04,190,6
1773,2022-10-04,195,5
1774,2022-10-04,200,4.4
1775,2022-10-04,205,3.68
1776,2022-10-04,210,3.1
1777,2022-10-04,220,2.19
1778,2022-10-04,230,1.67
1779,2022-10-04,240,1.28
1780,2022-10-04,250,0.9
1781,2022-10-04,260,
1782,2022-10-04,270,0.49
1783,2022-10-04,280,
1784,2022-10-04,290,
1785,2022-10-04,300,0.3
1786,2022-10-05,70,77.2
1787,2022-10-05,75,
1788,2022-10-05,80,
1789,2022-10-05,85,66.6
1790,2022-10-05,90,
1791,2022-10-05,95,58.05
1792,2022-10-05,100,53.9
1793,2022-10-05,105,48.25
1794,2022-10-05,110,43.8
1795,2022-10-05,115,40.05
1796,2022-10-05,120,38
1797,2022-10-05,125,33.2
1798,2022-10-05,130,30.95
1799,2022-10-05,135,28.15
1800,2022-10-05,140,25.66
1801,2022-10-05,145,22.25
1802,2022-10-05,150,19.75
1803,2022-10-05,155,17.3
1804,2022-10-05,160,15.5
1805,2022-10-05,165,13.25
1806,2022-10-05,170,11.45
1807,2022-10-05,175,9.35
1808,2022-10-05,180,8.35
1809,2022-10-05,185,
1810,2022-10-05,190,6.35
1811,2022-10-05,195,5.28
1812,2022-10-05,200,4.6
1813,2022-10-05,205,3.42
1814,2022-10-05,210,3.31
1815,2022-10-05,220,2.34
1816,2022-10-05,230,1.75
1817,2022-10-05,240,1.23
1818,2022-10-05,250,0.9
1819,2022-10-05,260,
1820,2022-10-05,270,
1821,2022-10-05,280,0.4
1822,2022-10-05,290,
1823,2022-10-05,300,0.27
1824,2022-10-06,70,79.16
1825,2022-10-06,75,
1826,2022-10-06,80,
1827,2022-10-06,85,65.75
1828,2022-10-06,90,
1829,2022-10-06,95,
1830,2022-10-06,100,53.1
1831,2022-10-06,105,
1832,2022-10-06,110,
1833,2022-10-06,115,41.6
1834,2022-10-06,120,38
1835,2022-10-06,125,34.85
1836,2022-10-06,130,31.1
1837,2022-10-06,135,28
1838,2022-10-06,140,25.27
1839,2022-10-06,145,22.17
1840,2022-10-06,150,19.65
1841,2022-10-06,155,17.1
1842,2022-10-06,160,15.23
1843,2022-10-06,165,13.2
1844,2022-10-06,170,11.5
1845,2022-10-06,175,9.81
1846,2022-10-06,180,8.6
1847,2022-10-06,185,
1848,2022-10-06,190,6.35
1849,2022-10-06,195,5.39
1850,2022-10-06,200,4.52
1851,2022-10-06,205,
1852,2022-10-06,210,
1853,2022-10-06,220,2.35
1854,2022-10-06,230,1.77
1855,2022-10-06,240,1.18
1856,2022-10-06,250,0.99
1857,2022-10-06,260,
1858,2022-10-06,270,
1859,2022-10-06,280,0.41
1860,2022-10-06,290,
1861,2022-10-06,300,0.26
1862,2022-10-07,70,
1863,2022-10-07,75,68.62
1864,2022-10-07,80,
1865,2022-10-07,85,62.75
1866,2022-10-07,90,57.34
1867,2022-10-07,95,
1868,2022-10-07,100,47.7
1869,2022-10-07,105,
1870,2022-10-07,110,42.13
1871,2022-10-07,115,
1872,2022-10-07,120,33
1873,2022-10-07,125,31.39
1874,2022-10-07,130,26.7
1875,2022-10-07,135,
1876,2022-10-07,140,21.55
1877,2022-10-07,145,18.85
1878,2022-10-07,150,16.7
1879,2022-10-07,155,14.35
1880,2022-10-07,160,12.74
1881,2022-10-07,165,10.55
1882,2022-10-07,170,9.5
1883,2022-10-07,175,8.05
1884,2022-10-07,180,6.9
1885,2022-10-07,185,5.75
1886,2022-10-07,190,5
1887,2022-10-07,195,4.25
1888,2022-10-07,200,3.57
1889,2022-10-07,205,3.05
1890,2022-10-07,210,2.65
1891,2022-10-07,220,1.83
1892,2022-10-07,230,
1893,2022-10-07,240,1.04
1894,2022-10-07,250,0.76
1895,2022-10-07,260,
1896,2022-10-07,270,
1897,2022-10-07,280,0.34
1898,2022-10-07,290,
1899,2022-10-07,300,0.22
1900,2022-10-08,70,
1901,2022-10-08,75,
1902,2022-10-08,80,
1903,2022-10-08,85,
1904,2022-10-08,90,
1905,2022-10-08,95,
1906,2022-10-08,100,
1907,2022-10-08,105,
1908,2022-10-08,110,
1909,2022-10-08,115,
1910,2022-10-08,120,
1911,2022-10-08,125,
1912,2022-10-08,130,
1913,2022-10-08,135,
1914,2022-10-08,140,
1915,2022-10-08,145,
1916,2022-10-08,150,
1917,2022-10-08,155,
1918,2022-10-08,160,
1919,2022-10-08,165,
1920,2022-10-08,170,
1921,2022-10-08,175,
1922,2022-10-08,180,
1923,2022-10-08,185,
1924,2022-10-08,190,
1925,2022-10-08,195,
1926,2022-10-08,200,
1927,2022-10-08,205,
1928,2022-10-08,210,
1929,2022-10-08,220,
1930,2022-10-08,230,
1931,2022-10-08,240,
1932,2022-10-08,250,
1933,2022-10-08,260,
1934,2022-10-08,270,
1935,2022-10-08,280,
1936,2022-10-08,290,
1937,2022-10-08,300,
1938,2022-10-09,70,
1939,2022-10-09,75,
1940,2022-10-09,80,
1941,2022-10-09,85,
1942,2022-10-09,90,
1943,2022-10-09,95,
1944,2022-10-09,100,
1945,2022-10-09,105,
1946,2022-10-09,110,
1947,2022-10-09,115,
1948,2022-10-09,120,
1949,2022-10-09,125,
1950,2022-10-09,130,
1951,2022-10-09,135,
1952,2022-10-09,140,
1953,2022-10-09,145,
1954,2022-10-09,150,
1955,2022-10-09,155,
1956,2022-10-09,160,
1957,2022-10-09,165,
1958,2022-10-09,170,
1959,2022-10-09,175,
1960,2022-10-09,180,
1961,2022-10-09,185,
1962,2022-10-09,190,
1963,2022-10-09,195,
1964,2022-10-09,200,
1965,2022-10-09,205,
1966,2022-10-09,210,
1967,2022-10-09,220,
1968,2022-10-09,230,
1969,2022-10-09,240,
1970,2022-10-09,250,
1971,2022-10-09,260,
1972,2022-10-09,270,
1973,2022-10-09,280,
1974,2022-10-09,290,
1975,2022-10-09,300,
1976,2022-10-10,70,
1977,2022-10-10,75,
1978,2022-10-10,80,63.88
1979,2022-10-10,85,
1980,2022-10-10,90,57
1981,2022-10-10,95,
1982,2022-10-10,100,49
1983,2022-10-10,105,
1984,2022-10-10,110,41.3
1985,2022-10-10,115,38.05
1986,2022-10-10,120,
1987,2022-10-10,125,31.49
1988,2022-10-10,130,
1989,2022-10-10,135,25.41
1990,2022-10-10,140,21.82
1991,2022-10-10,145,19.28
1992,2022-10-10,150,17.22
1993,2022-10-10,155,15.17
1994,2022-10-10,160,13.21
1995,2022-10-10,165,11.48
1996,2022-10-10,170,9.9
1997,2022-10-10,175,8.4
1998,2022-10-10,180,7.37
1999,2022-10-10,185,6.25
2000,2022-10-10,190,5.2
2001,2022-10-10,195,4.5
2002,2022-10-10,200,3.8
2003,2022-10-10,205,3.21
2004,2022-10-10,210,2.7
2005,2022-10-10,220,1.89
2006,2022-10-10,230,1.45
2007,2022-10-10,240,0.83
2008,2022-10-10,250,
2009,2022-10-10,260,0.59
2010,2022-10-10,270,
2011,2022-10-10,280,0.33
2012,2022-10-10,290,0.25
2013,2022-10-10,300,0.23
2014,2022-10-11,70,74.4
2015,2022-10-11,75,
2016,2022-10-11,80,
2017,2022-10-11,85,
2018,2022-10-11,90,
2019,2022-10-11,95,
2020,2022-10-11,100,48.2
2021,2022-10-11,105,
2022,2022-10-11,110,39.7
2023,2022-10-11,115,37
2024,2022-10-11,120,32.65
2025,2022-10-11,125,29.8
2026,2022-10-11,130,26.65
2027,2022-10-11,135,23.38
2028,2022-10-11,140,20.9
2029,2022-10-11,145,18.4
2030,2022-10-11,150,16.25
2031,2022-10-11,155,
2032,2022-10-11,160,12.5
2033,2022-10-11,165,11
2034,2022-10-11,170,9.15
2035,2022-10-11,175,7.93
2036,2022-10-11,180,6.64
2037,2022-10-11,185,5.7
2038,2022-10-11,190,4.8
2039,2022-10-11,195,4.15
2040,2022-10-11,200,3.5
2041,2022-10-11,205,2.99
2042,2022-10-11,210,2.55
2043,2022-10-11,220,1.9
2044,2022-10-11,230,1.33
2045,2022-10-11,240,
2046,2022-10-11,250,
2047,2022-10-11,260,0.58
2048,2022-10-11,270,
2049,2022-10-11,280,0.32
2050,2022-10-11,290,0.34
2051,2022-10-11,300,0.24
2052,2022-10-12,70,
2053,2022-10-12,75,
2054,2022-10-12,80,
2055,2022-10-12,85,59.65
2056,2022-10-12,90,55.25
2057,2022-10-12,95,
2058,2022-10-12,100,47.5
2059,2022-10-12,105,
2060,2022-10-12,110,
2061,2022-10-12,115,
2062,2022-10-12,120,33.35
2063,2022-10-12,125,29.65
2064,2022-10-12,130,26
2065,2022-10-12,135,23.2
2066,2022-10-12,140,20.69
2067,2022-10-12,145,18.55
2068,2022-10-12,150,16.03
2069,2022-10-12,155,14.01
2070,2022-10-12,160,12.14
2071,2022-10-12,165,10.4
2072,2022-10-12,170,8.95
2073,2022-10-12,175,7.7
2074,2022-10-12,180,6.68
2075,2022-10-12,185,5.72
2076,2022-10-12,190,4.85
2077,2022-10-12,195,4.15
2078,2022-10-12,200,3.6
2079,2022-10-12,205,3.1
2080,2022-10-12,210,2.5
2081,2022-10-12,220,1.8
2082,2022-10-12,230,1.31
2083,2022-10-12,240,1
2084,2022-10-12,250,0.73
2085,2022-10-12,260,0.55
2086,2022-10-12,270,
2087,2022-10-12,280,0.37
2088,2022-10-12,290,0.19
2089,2022-10-12,300,0.24
2090,2022-10-13,70,
2091,2022-10-13,75,
2092,2022-10-13,80,
2093,2022-10-13,85,
2094,2022-10-13,90,52.8
2095,2022-10-13,95,
2096,2022-10-13,100,49.65
2097,2022-10-13,105,41.85
2098,2022-10-13,110,38.17
2099,2022-10-13,115,34.14
2100,2022-10-13,120,33.5
2101,2022-10-13,125,30.35
2102,2022-10-13,130,28.7
2103,2022-10-13,135,26.05
2104,2022-10-13,140,22.93
2105,2022-10-13,145,19.5
2106,2022-10-13,150,17.1
2107,2022-10-13,155,15.7
2108,2022-10-13,160,14
2109,2022-10-13,165,12.05
2110,2022-10-13,170,10.2
2111,2022-10-13,175,8.9
2112,2022-10-13,180,7.62
2113,2022-10-13,185,6.4
2114,2022-10-13,190,5.55
2115,2022-10-13,195,4.6
2116,2022-10-13,200,3.5
2117,2022-10-13,205,3.16
2118,2022-10-13,210,2.51
2119,2022-10-13,220,2.06
2120,2022-10-13,230,1.47
2121,2022-10-13,240,1.05
2122,2022-10-13,250,0.76
2123,2022-10-13,260,
2124,2022-10-13,270,0.43
2125,2022-10-13,280,0.31
2126,2022-10-13,290,0.33
2127,2022-10-13,300,0.24
2128,2022-10-14,70,72.65
2129,2022-10-14,75,67.83
2130,2022-10-14,80,
2131,2022-10-14,85,
2132,2022-10-14,90,
2133,2022-10-14,95,
2134,2022-10-14,100,48.35
2135,2022-10-14,105,43
2136,2022-10-14,110,43.5
2137,2022-10-14,115,35.9
2138,2022-10-14,120,
2139,2022-10-14,125,31.05
2140,2022-10-14,130,26.5
2141,2022-10-14,135,23.35
2142,2022-10-14,140,20.48
2143,2022-10-14,145,18.02
2144,2022-10-14,150,15.82
2145,2022-10-14,155,13.85
2146,2022-10-14,160,11.92
2147,2022-10-14,165,10.4
2148,2022-10-14,170,8.9
2149,2022-10-14,175,7.6
2150,2022-10-14,180,6.52
2151,2022-10-14,185,5.5
2152,2022-10-14,190,4.7
2153,2022-10-14,195,4
2154,2022-10-14,200,3.38
2155,2022-10-14,205,2.98
2156,2022-10-14,210,2.44
2157,2022-10-14,220,1.73
2158,2022-10-14,230,1.29
2159,2022-10-14,240,0.96
2160,2022-10-14,250,
2161,2022-10-14,260,
2162,2022-10-14,270,
2163,2022-10-14,280,
2164,2022-10-14,290,
2165,2022-10-14,300,
2166,2022-10-15,70,
2167,2022-10-15,75,
2168,2022-10-15,80,
2169,2022-10-15,85,
2170,2022-10-15,90,
2171,2022-10-15,95,
2172,2022-10-15,100,
2173,2022-10-15,105,
2174,2022-10-15,110,
2175,2022-10-15,115,
2176,2022-10-15,120,
2177,2022-10-15,125,
2178,2022-10-15,130,
2179,2022-10-15,135,
2180,2022-10-15,140,
2181,2022-10-15,145,
2182,2022-10-15,150,
2183,2022-10-15,155,
2184,2022-10-15,160,
2185,2022-10-15,165,
2186,2022-10-15,170,
2187,2022-10-15,175,
2188,2022-10-15,180,
2189,2022-10-15,185,
2190,2022-10-15,190,
2191,2022-10-15,195,
2192,2022-10-15,200,
2193,2022-10-15,205,
2194,2022-10-15,210,
2195,2022-10-15,220,
2196,2022-10-15,230,
2197,2022-10-15,240,
2198,2022-10-15,250,
2199,2022-10-15,260,
2200,2022-10-15,270,
2201,2022-10-15,280,
2202,2022-10-15,290,
2203,2022-10-15,300,
2204,2022-10-16,70,
2205,2022-10-16,75,
2206,2022-10-16,80,
2207,2022-10-16,85,
2208,2022-10-16,90,
2209,2022-10-16,95,
2210,2022-10-16,100,
2211,2022-10-16,105,
2212,2022-10-16,110,
2213,2022-10-16,115,
2214,2022-10-16,120,
2215,2022-10-16,125,
2216,2022-10-16,130,
2217,2022-10-16,135,
2218,2022-10-16,140,
2219,2022-10-16,145,
2220,2022-10-16,150,
2221,2022-10-16,155,
2222,2022-10-16,160,
2223,2022-10-16,165,
2224,2022-10-16,170,
2225,2022-10-16,175,
2226,2022-10-16,180,
2227,2022-10-16,185,
2228,2022-10-16,190,
2229,2022-10-16,195,
2230,2022-10-16,200,
2231,2022-10-16,205,
2232,2022-10-16,210,
2233,2022-10-16,220,
2234,2022-10-16,230,
2235,2022-10-16,240,
2236,2022-10-16,250,
2237,2022-10-16,260,
2238,2022-10-16,270,
2239,2022-10-16,280,
2240,2022-10-16,290,
2241,2022-10-16,300,
2242,2022-10-17,70,74.8
2243,2022-10-17,75,
2244,2022-10-17,80,
2245,2022-10-17,85,
2246,2022-10-17,90,
2247,2022-10-17,95,53.6
2248,2022-10-17,100,50
2249,2022-10-17,105,45.4
2250,2022-10-17,110,42.1
2251,2022-10-17,115,
2252,2022-10-17,120,35.1
2253,2022-10-17,125,
2254,2022-10-17,130,27.94
2255,2022-10-17,135,25.15
2256,2022-10-17,140,22.75
2257,2022-10-17,145,20.25
2258,2022-10-17,150,17.54
2259,2022-10-17,155,15.36
2260,2022-10-17,160,13.55
2261,2022-10-17,165,11.65
2262,2022-10-17,170,10.1
2263,2022-10-17,175,8.57
2264,2022-10-17,180,7.35
2265,2022-10-17,185,6.3
2266,2022-10-17,190,5.35
2267,2022-10-17,195,4.5
2268,2022-10-17,200,3.85
2269,2022-10-17,205,3.12
2270,2022-10-17,210,2.66
2271,2022-10-17,220,1.92
2272,2022-10-17,230,
2273,2022-10-17,240,1.03
2274,2022-10-17,250,0.8
2275,2022-10-17,260,0.54
2276,2022-10-17,270,0.4
2277,2022-10-17,280,0.32
2278,2022-10-17,290,
2279,2022-10-17,300,0.21
2280,2022-10-18,70,
2281,2022-10-18,75,
2282,2022-10-18,80,
2283,2022-10-18,85,
2284,2022-10-18,90,
2285,2022-10-18,95,
2286,2022-10-18,100,51.55
2287,2022-10-18,105,47.6
2288,2022-10-18,110,44.5
2289,2022-10-18,115,
2290,2022-10-18,120,
2291,2022-10-18,125,31.55
2292,2022-10-18,130,29.4
2293,2022-10-18,135,25.5
2294,2022-10-18,140,23.23
2295,2022-10-18,145,20.2
2296,2022-10-18,150,18.3
2297,2022-10-18,155,15.75
2298,2022-10-18,160,13.65
2299,2022-10-18,165,11.5
2300,2022-10-18,170,10.3
2301,2022-10-18,175,8.47
2302,2022-10-18,180,8.11
2303,2022-10-18,185,6.45
2304,2022-10-18,190,5.2
2305,2022-10-18,195,4.5
2306,2022-10-18,200,3.7
2307,2022-10-18,205,3.45
2308,2022-10-18,210,2.89
2309,2022-10-18,220,1.97
2310,2022-10-18,230,1.49
2311,2022-10-18,240,1.12
2312,2022-10-18,250,0.75
2313,2022-10-18,260,
2314,2022-10-18,270,
2315,2022-10-18,280,
2316,2022-10-18,290,
2317,2022-10-18,300,
2318,2022-10-19,70,78
2319,2022-10-19,75,
2320,2022-10-19,80,67.65
2321,2022-10-19,85,
2322,2022-10-19,90,
2323,2022-10-19,95,
2324,2022-10-19,100,52.05
2325,2022-10-19,105,
2326,2022-10-19,110,43.15
2327,2022-10-19,115,39.7
2328,2022-10-19,120,35.85
2329,2022-10-19,125,32.6
2330,2022-10-19,130,29.35
2331,2022-10-19,135,25.6
2332,2022-10-19,140,23.6
2333,2022-10-19,145,20.14
2334,2022-10-19,150,18.13
2335,2022-10-19,155,16.04
2336,2022-10-19,160,14.12
2337,2022-10-19,165,12.05
2338,2022-10-19,170,10.4
2339,2022-10-19,175,9.05
2340,2022-10-19,180,7.9
2341,2022-10-19,185,6.25
2342,2022-10-19,190,5.6
2343,2022-10-19,195,4.71
2344,2022-10-19,200,4.05
2345,2022-10-19,205,
2346,2022-10-19,210,2.83
2347,2022-10-19,220,2.06
2348,2022-10-19,230,1.45
2349,2022-10-19,240,
2350,2022-10-19,250,0.78
2351,2022-10-19,260,0.58
2352,2022-10-19,270,
2353,2022-10-19,280,
2354,2022-10-19,290,
2355,2022-10-19,300,0.21
2356,2022-10-20,70,77.95
2357,2022-10-20,75,
2358,2022-10-20,80,
2359,2022-10-20,85,
2360,2022-10-20,90,
2361,2022-10-20,95,
2362,2022-10-20,100,
2363,2022-10-20,105,
2364,2022-10-20,110,
2365,2022-10-20,115,40.9
2366,2022-10-20,120,37.7
2367,2022-10-20,125,33
2368,2022-10-20,130,
2369,2022-10-20,135,27.8
2370,2022-10-20,140,22.8
2371,2022-10-20,145,20.73
2372,2022-10-20,150,18.35
2373,2022-10-20,155,17.1
2374,2022-10-20,160,14.35
2375,2022-10-20,165,12.22
2376,2022-10-20,170,10.4
2377,2022-10-20,175,8.9
2378,2022-10-20,180,7.6
2379,2022-10-20,185,6.55
2380,2022-10-20,190,
2381,2022-10-20,195,4.97
2382,2022-10-20,200,4.15
2383,2022-10-20,205,3.3
2384,2022-10-20,210,3.03
2385,2022-10-20,220,2.13
2386,2022-10-20,230,
2387,2022-10-20,240,
2388,2022-10-20,250,0.8
2389,2022-10-20,260,0.61
2390,2022-10-20,270,0.44
2391,2022-10-20,280,0.34
2392,2022-10-20,290,
2393,2022-10-20,300,0.2
2394,2022-10-21,70,78.4
2395,2022-10-21,75,
2396,2022-10-21,80,
2397,2022-10-21,85,
2398,2022-10-21,90,
2399,2022-10-21,95,
2400,2022-10-21,100,54.75
2401,2022-10-21,105,
2402,2022-10-21,110,
2403,2022-10-21,115,
2404,2022-10-21,120,38.58
2405,2022-10-21,125,
2406,2022-10-21,130,32.2
2407,2022-10-21,135,28.2
2408,2022-10-21,140,26
2409,2022-10-21,145,22.17
2410,2022-10-21,150,19.7
2411,2022-10-21,155,18.26
2412,2022-10-21,160,15.2
2413,2022-10-21,165,13.87
2414,2022-10-21,170,11.75
2415,2022-10-21,175,10.25
2416,2022-10-21,180,8.8
2417,2022-10-21,185,7.45
2418,2022-10-21,190,6.55
2419,2022-10-21,195,4.95
2420,2022-10-21,200,4.67
2421,2022-10-21,205,
2422,2022-10-21,210,3.15
2423,2022-10-21,220,1.95
2424,2022-10-21,230,1.6
2425,2022-10-21,240,
2426,2022-10-21,250,0.85
2427,2022-10-21,260,
2428,2022-10-21,270,
2429,2022-10-21,280,0.33
2430,2022-10-21,290,
2431,2022-10-21,300,0.22
2432,2022-10-22,70,
2433,2022-10-22,75,
2434,2022-10-22,80,
2435,2022-10-22,85,
2436,2022-10-22,90,
2437,2022-10-22,95,
2438,2022-10-22,100,
2439,2022-10-22,105,
2440,2022-10-22,110,
2441,2022-10-22,115,
2442,2022-10-22,120,
2443,2022-10-22,125,
2444,2022-10-22,130,
2445,2022-10-22,135,
2446,2022-10-22,140,
2447,2022-10-22,145,
2448,2022-10-22,150,
2449,2022-10-22,155,
2450,2022-10-22,160,
2451,2022-10-22,165,
2452,2022-10-22,170,
2453,2022-10-22,175,
2454,2022-10-22,180,
2455,2022-10-22,185,
2456,2022-10-22,190,
2457,2022-10-22,195,
2458,2022-10-22,200,
2459,2022-10-22,205,
2460,2022-10-22,210,
2461,2022-10-22,220,
2462,2022-10-22,230,
2463,2022-10-22,240,
2464,2022-10-22,250,
2465,2022-10-22,260,
2466,2022-10-22,270,
2467,2022-10-22,280,
2468,2022-10-22,290,
2469,2022-10-22,300,
2470,2022-10-23,70,
2471,2022-10-23,75,
2472,2022-10-23,80,
2473,2022-10-23,85,
2474,2022-10-23,90,
2475,2022-10-23,95,
2476,2022-10-23,100,
2477,2022-10-23,105,
2478,2022-10-23,110,
2479,2022-10-23,115,
2480,2022-10-23,120,
2481,2022-10-23,125,
2482,2022-10-23,130,
2483,2022-10-23,135,
2484,2022-10-23,140,
2485,2022-10-23,145,
2486,2022-10-23,150,
2487,2022-10-23,155,
2488,2022-10-23,160,
2489,2022-10-23,165,
2490,2022-10-23,170,
2491,2022-10-23,175,
2492,2022-10-23,180,
2493,2022-10-23,185,
2494,2022-10-23,190,
2495,2022-10-23,195,
2496,2022-10-23,200,
2497,2022-10-23,205,
2498,2022-10-23,210,
2499,2022-10-23,220,
2500,2022-10-23,230,
2501,2022-10-23,240,
2502,2022-10-23,250,
2503,2022-10-23,260,
2504,2022-10-23,270,
2505,2022-10-23,280,
2506,2022-10-23,290,
2507,2022-10-23,300,
2508,2022-10-24,70,
2509,2022-10-24,75,
2510,2022-10-24,80,
2511,2022-10-24,85,
2512,2022-10-24,90,
2513,2022-10-24,95,
2514,2022-10-24,100,57.12
2515,2022-10-24,105,
2516,2022-10-24,110,46.27
2517,2022-10-24,115,
2518,2022-10-24,120,40.05
2519,2022-10-24,125,37.37
2520,2022-10-24,130,34.07
2521,2022-10-24,135,30.45
2522,2022-10-24,140,27.43
2523,2022-10-24,145,24.5
2524,2022-10-24,150,22.15
2525,2022-10-24,155,19.45
2526,2022-10-24,160,16.96
2527,2022-10-24,165,14.7
2528,2022-10-24,170,13.05
2529,2022-10-24,175,11.15
2530,2022-10-24,180,9.55
2531,2022-10-24,185,8.25
2532,2022-10-24,190,7
2533,2022-10-24,195,6
2534,2022-10-24,200,5.22
2535,2022-10-24,205,4.24
2536,2022-10-24,210,3.5
2537,2022-10-24,220,2.61
2538,2022-10-24,230,1.78
2539,2022-10-24,240,
2540,2022-10-24,250,1
2541,2022-10-24,260,
2542,2022-10-24,270,
2543,2022-10-24,280,
2544,2022-10-24,290,
2545,2022-10-24,300,0.25
2546,2022-10-25,70,85.15
2547,2022-10-25,75,
2548,2022-10-25,80,76.1
2549,2022-10-25,85,
2550,2022-10-25,90,
2551,2022-10-25,95,62.56
2552,2022-10-25,100,58.23
2553,2022-10-25,105,
2554,2022-10-25,110,
2555,2022-10-25,115,
2556,2022-10-25,120,43.02
2557,2022-10-25,125,
2558,2022-10-25,130,35.65
2559,2022-10-25,135,31.75
2560,2022-10-25,140,28.5
2561,2022-10-25,145,26.2
2562,2022-10-25,150,23.3
2563,2022-10-25,155,20.7
2564,2022-10-25,160,18.15
2565,2022-10-25,165,16.1
2566,2022-10-25,170,13.65
2567,2022-10-25,175,12.15
2568,2022-10-25,180,10.35
2569,2022-10-25,185,9
2570,2022-10-25,190,7.7
2571,2022-10-25,195,6.6
2572,2022-10-25,200,5.65
2573,2022-10-25,205,4.75
2574,2022-10-25,210,3.95
2575,2022-10-25,220,2.86
2576,2022-10-25,230,
2577,2022-10-25,240,1.42
2578,2022-10-25,250,1.07
2579,2022-10-25,260,
2580,2022-10-25,270,
2581,2022-10-25,280,
2582,2022-10-25,290,
2583,2022-10-25,300,0.25
2584,2022-10-26,70,
2585,2022-10-26,75,
2586,2022-10-26,80,75.45
2587,2022-10-26,85,
2588,2022-10-26,90,64.65
2589,2022-10-26,95,
2590,2022-10-26,100,58
2591,2022-10-26,105,52.75
2592,2022-10-26,110,
2593,2022-10-26,115,
2594,2022-10-26,120,42.2
2595,2022-10-26,125,
2596,2022-10-26,130,33
2597,2022-10-26,135,29.53
2598,2022-10-26,140,26.65
2599,2022-10-26,145,24.2
2600,2022-10-26,150,21.5
2601,2022-10-26,155,
2602,2022-10-26,160,16.45
2603,2022-10-26,165,13.9
2604,2022-10-26,170,12.6
2605,2022-10-26,175,11
2606,2022-10-26,180,9.4
2607,2022-10-26,185,8.81
2608,2022-10-26,190,6.95
2609,2022-10-26,195,5.95
2610,2022-10-26,200,5.05
2611,2022-10-26,205,4.3
2612,2022-10-26,210,3.5
2613,2022-10-26,220,2.48
2614,2022-10-26,230,1.85
2615,2022-10-26,240,1.34
2616,2022-10-26,250,0.84
2617,2022-10-26,260,
2618,2022-10-26,270,
2619,2022-10-26,280,0.4
2620,2022-10-26,290,
2621,2022-10-26,300,0.24
2622,2022-10-27,70,
2623,2022-10-27,75,
2624,2022-10-27,80,
2625,2022-10-27,85,
2626,2022-10-27,90,
2627,2022-10-27,95,58
2628,2022-10-27,100,51.52
2629,2022-10-27,105,
2630,2022-10-27,110,
2631,2022-10-27,115,
2632,2022-10-27,120,37.01
2633,2022-10-27,125,33.55
2634,2022-10-27,130,
2635,2022-10-27,135,26.8
2636,2022-10-27,140,24.25
2637,2022-10-27,145,21.45
2638,2022-10-27,150,18.85
2639,2022-10-27,155,16.54
2640,2022-10-27,160,14.8
2641,2022-10-27,165,12.72
2642,2022-10-27,170,10.85
2643,2022-10-27,175,9.3
2644,2022-10-27,180,8.02
2645,2022-10-27,185,6.82
2646,2022-10-27,190,5.8
2647,2022-10-27,195,4.92
2648,2022-10-27,200,4.17
2649,2022-10-27,205,3.45
2650,2022-10-27,210,2.87
2651,2022-10-27,220,2.12
2652,2022-10-27,230,1.57
2653,2022-10-27,240,1.15
2654,2022-10-27,250,0.78
2655,2022-10-27,260,
2656,2022-10-27,270,
2657,2022-10-27,280,
2658,2022-10-27,290,0.3
2659,2022-10-27,300,0.34
2660,2022-10-28,70,88.6
2661,2022-10-28,75,84.3
2662,2022-10-28,80,
2663,2022-10-28,85,75
2664,2022-10-28,90,
2665,2022-10-28,95,
2666,2022-10-28,100,61.74
2667,2022-10-28,105,57.4
2668,2022-10-28,110,53.89
2669,2022-10-28,115,
2670,2022-10-28,120,45.57
2671,2022-10-28,125,41.84
2672,2022-10-28,130,39
2673,2022-10-28,135,35.53
2674,2022-10-28,140,31.35
2675,2022-10-28,145,28.2
2676,2022-10-28,150,26.2
2677,2022-10-28,155,22.54
2678,2022-10-28,160,19.95
2679,2022-10-28,165,17.77
2680,2022-10-28,170,15.48
2681,2022-10-28,175,13.3
2682,2022-10-28,180,11.5
2683,2022-10-28,185,9.95
2684,2022-10-28,190,8.6
2685,2022-10-28,195,7.3
2686,2022-10-28,200,6.4
2687,2022-10-28,205,5.45
2688,2022-10-28,210,4.53
2689,2022-10-28,220,3.25
2690,2022-10-28,230,2.4
2691,2022-10-28,240,1.54
2692,2022-10-28,250,1.16
2693,2022-10-28,260,1
2694,2022-10-28,270,0.69
2695,2022-10-28,280,0.5
2696,2022-10-28,290,0.36
2697,2022-10-28,300,0.28
2698,2022-10-29,70,
2699,2022-10-29,75,
2700,2022-10-29,80,
2701,2022-10-29,85,
2702,2022-10-29,90,
2703,2022-10-29,95,
2704,2022-10-29,100,
2705,2022-10-29,105,
2706,2022-10-29,110,
2707,2022-10-29,115,
2708,2022-10-29,120,
2709,2022-10-29,125,
2710,2022-10-29,130,
2711,2022-10-29,135,
2712,2022-10-29,140,
2713,2022-10-29,145,
2714,2022-10-29,150,
2715,2022-10-29,155,
2716,2022-10-29,160,
2717,2022-10-29,165,
2718,2022-10-29,170,
2719,2022-10-29,175,
2720,2022-10-29,180,
2721,2022-10-29,185,
2722,2022-10-29,190,
2723,2022-10-29,195,
2724,2022-10-29,200,
2725,2022-10-29,205,
2726,2022-10-29,210,
2727,2022-10-29,220,
2728,2022-10-29,230,
2729,2022-10-29,240,
2730,2022-10-29,250,
2731,2022-10-29,260,
2732,2022-10-29,270,
2733,2022-10-29,280,
2734,2022-10-29,290,
2735,2022-10-29,300,
2736,2022-10-30,70,
2737,2022-10-30,75,
2738,2022-10-30,80,
2739,2022-10-30,85,
2740,2022-10-30,90,
2741,2022-10-30,95,
2742,2022-10-30,100,
2743,2022-10-30,105,
2744,2022-10-30,110,
2745,2022-10-30,115,
2746,2022-10-30,120,
2747,2022-10-30,125,
2748,2022-10-30,130,
2749,2022-10-30,135,
2750,2022-10-30,140,
2751,2022-10-30,145,
2752,2022-10-30,150,
2753,2022-10-30,155,
2754,2022-10-30,160,
2755,2022-10-30,165,
2756,2022-10-30,170,
2757,2022-10-30,175,
2758,2022-10-30,180,
2759,2022-10-30,185,
2760,2022-10-30,190,
2761,2022-10-30,195,
2762,2022-10-30,200,
2763,2022-10-30,205,
2764,2022-10-30,210,
2765,2022-10-30,220,
2766,2022-10-30,230,
2767,2022-10-30,240,
2768,2022-10-30,250,
2769,2022-10-30,260,
2770,2022-10-30,270,
2771,2022-10-30,280,
2772,2022-10-30,290,
2773,2022-10-30,300,
2774,2022-10-31,70,85.74
2775,2022-10-31,75,
2776,2022-10-31,80,76.34
2777,2022-10-31,85,
2778,2022-10-31,90,69.25
2779,2022-10-31,95,64.35
2780,2022-10-31,100,59.5
2781,2022-10-31,105,
2782,2022-10-31,110,51.98
2783,2022-10-31,115,
2784,2022-10-31,120,44.23
2785,2022-10-31,125,39.85
2786,2022-10-31,130,36.2
2787,2022-10-31,135,33.15
2788,2022-10-31,140,30
2789,2022-10-31,145,26.5
2790,2022-10-31,150,23.61
2791,2022-10-31,155,21.35
2792,2022-10-31,160,18.8
2793,2022-10-31,165,16.55
2794,2022-10-31,170,14.3
2795,2022-10-31,175,12.27
2796,2022-10-31,180,10.8
2797,2022-10-31,185,9.05
2798,2022-10-31,190,7.7
2799,2022-10-31,195,6.55
2800,2022-10-31,200,5.54
2801,2022-10-31,205,
2802,2022-10-31,210,
2803,2022-10-31,220,2.75
2804,2022-10-31,230,1.9
2805,2022-10-31,240,
2806,2022-10-31,250,1
2807,2022-10-31,260,0.74
2808,2022-10-31,270,
2809,2022-10-31,280,
2810,2022-10-31,290,0.3
2811,2022-10-31,300,
2812,2022-11-01,70,87.4
2813,2022-11-01,75,
2814,2022-11-01,80,74.5
2815,2022-11-01,85,70.05
2816,2022-11-01,90,66
2817,2022-11-01,95,
2818,2022-11-01,100,57.15
2819,2022-11-01,105,
2820,2022-11-01,110,
2821,2022-11-01,115,
2822,2022-11-01,120,41.5
2823,2022-11-01,125,37.6
2824,2022-11-01,130,34.4
2825,2022-11-01,135,31
2826,2022-11-01,140,27.98
2827,2022-11-01,145,24.85
2828,2022-11-01,150,21.6
2829,2022-11-01,155,19.59
2830,2022-11-01,160,16.7
2831,2022-11-01,165,15.06
2832,2022-11-01,170,13.07
2833,2022-11-01,175,10.95
2834,2022-11-01,180,9.65
2835,2022-11-01,185,8.2
2836,2022-11-01,190,7.02
2837,2022-11-01,195,5.95
2838,2022-11-01,200,4.9
2839,2022-11-01,205,4.2
2840,2022-11-01,210,3.35
2841,2022-11-01,220,2.48
2842,2022-11-01,230,2.1
2843,2022-11-01,240,1.25
2844,2022-11-01,250,0.92
2845,2022-11-01,260,
2846,2022-11-01,270,
2847,2022-11-01,280,
2848,2022-11-01,290,
2849,2022-11-01,300,0.28
2850,2022-11-02,70,81.85
2851,2022-11-02,75,
2852,2022-11-02,80,73.1
2853,2022-11-02,85,68.48
2854,2022-11-02,90,64.12
2855,2022-11-02,95,
2856,2022-11-02,100,55
2857,2022-11-02,105,51.4
2858,2022-11-02,110,47
2859,2022-11-02,115,43.9
2860,2022-11-02,120,37.15
2861,2022-11-02,125,33.7
2862,2022-11-02,130,34.15
2863,2022-11-02,135,31.45
2864,2022-11-02,140,24.23
2865,2022-11-02,145,21.5
2866,2022-11-02,150,19.15
2867,2022-11-02,155,16.55
2868,2022-11-02,160,14.5
2869,2022-11-02,165,12.95
2870,2022-11-02,170,11.25
2871,2022-11-02,175,9.39
2872,2022-11-02,180,8.15
2873,2022-11-02,185,6.79
2874,2022-11-02,190,5.65
2875,2022-11-02,195,5.1
2876,2022-11-02,200,4
2877,2022-11-02,205,3.95
2878,2022-11-02,210,3.2
2879,2022-11-02,220,1.96
2880,2022-11-02,230,1.54
2881,2022-11-02,240,1.04
2882,2022-11-02,250,0.83
2883,2022-11-02,260,0.55
2884,2022-11-02,270,
2885,2022-11-02,280,
2886,2022-11-02,290,
2887,2022-11-02,300,0.15
2888,2022-11-03,70,73.5
2889,2022-11-03,75,69.68
2890,2022-11-03,80,
2891,2022-11-03,85,59.55
2892,2022-11-03,90,55.8
2893,2022-11-03,95,51.9
2894,2022-11-03,100,47
2895,2022-11-03,105,44.45
2896,2022-11-03,110,39.95
2897,2022-11-03,115,36.37
2898,2022-11-03,120,32.1
2899,2022-11-03,125,29.52
2900,2022-11-03,130,25.9
2901,2022-11-03,135,22.93
2902,2022-11-03,140,20.5
2903,2022-11-03,145,17.75
2904,2022-11-03,150,15.87
2905,2022-11-03,155,13.5
2906,2022-11-03,160,11.5
2907,2022-11-03,165,10
2908,2022-11-03,170,8.54
2909,2022-11-03,175,7.19
2910,2022-11-03,180,6.09
2911,2022-11-03,185,5.2
2912,2022-11-03,190,4.3
2913,2022-11-03,195,3.8
2914,2022-11-03,200,3.15
2915,2022-11-03,205,2.7
2916,2022-11-03,210,2.28
2917,2022-11-03,220,1.57
2918,2022-11-03,230,1.07
2919,2022-11-03,240,0.76
2920,2022-11-03,250,0.58
2921,2022-11-03,260,
2922,2022-11-03,270,0.34
2923,2022-11-03,280,
2924,2022-11-03,290,0.19
2925,2022-11-03,300,0.14
